URL,Label
https://support.google.com/websearch/answer/181196?hl=de,0
https://policies.google.com/technologies/cookies?utm_source=ucbs&hl=de,0
https://policies.google.com/privacy?hl=de&fg=1&utm_source=ucbs,0
https://policies.google.com/terms?hl=de&fg=1&utm_source=ucbs,0
https://www.google.com/webhp?hl=de&sa=X&ved=0ahUKEwih3v6tiK2MAxWBSfEDHe4GCIcQPAho,0
https://www.google.com/webhp?hl=de&ictx=0&sa=X&ved=0ahUKEwih3v6tiK2MAxWBSfEDHe4GCIcQpYkNCGo,0
https://support.google.com/websearch/answer/106230?hl=de,0
https://www.google.de/intl/de/about/products?tab=wh,0
https://accounts.google.com/ServiceLogin?hl=de&passive=true&continue=https://www.google.com/search%3Fq%3Dsite:t.me/joinchat%26tbs%3Dqdr:d%26start%3D0%26sg_ss%3D*qJSalMzyAAYAdmU0IHZ9B8xPUWSaRcMEADQBEArZ1DV1t6hTEeTwxy2iv_LcV_ta6RML1aoXBmEyayyL9OPipRLQLnblFus-Jz0I6-70PQAAABZtAAAABlcBB0EANZlviWoYsI5a-q42UR_utgxl2-_TSAk4dyzKRF85yI0QqCArSCd1fgkf184YU646h6Rv_nByNQDgpV3K47KkWhxkblUHbKgSZJ5FACxY0o5kdYJeuLQ-9PFHHINZ6ytA3itnzh5MALvpD5dFHXqhFKviBaBvj97Su_PPvoup11EBtB3Y1XuUHWJNh3nAMjnP6ebW8Q6YWSL2k27e8z93zoV2julrpefn1pO25K7BemY8AavoSjWqIgUc7EOMKGJkKXQK6lcmLn0ygyjo8oC2uJ6nqStp5BSbaovER96of-uiqJRyC2At6X3wd7MVYNMSv4xgxVXRmz--GGqRmTe5ksDmZrtrXwAQCM3ZQJP4Xsae-cXYY3YO-7KmAjnEeuoXEZ_cZgFYc86qHw3dH3e9VXqH7dh0s9qGHF13dLy1y8mQRU6Zx0fkgaG_vfoVFezL7HMaYPtIwynxZo_p_QE4LHOHNpf_O77zjHeiVoY4XtTVPB5ys4fHqr1jZwPecErfguYE2pmjO7WOz1nOosv8cU98XNdUyxfFa1HI0HkbobmSMGpsD-l1sWddFQAhXtJpepJogKW3944AUMoQ9jsNjSYDMDo9dPbn22gtjsJq5CqnmRAkndmF9hgcEWjcsVdcsxT1Ic57yiFv0g84d3b1Bc3ny6GQt0OGrrcD5M7FzjEtadC-mAEVaBZONZzWmg_1nktA3sH0iyVACGKDPFg_ndXYU_VGPzEmX13qKt2pn6ViT4400I0pZaJ2E4MCYqUR79YKktOgYeGNBzvILFELF4ENXOcUuZ-54f3Xci7p0xL1ro7gRDZfPhlaeWuAWQPCr7L2kez6yHqYcsjBDF9DaWrP3H3dafirQ73kBGCf2YhpT-PHzmFtWBSwoDpiz0b7yRU3fH5l5UmPhYo59OhXGOM0WMDJFLqBuOcjKbhGnk1jKyg2FE3YAaofqs8CsZNuD7jXwdvTNq7DT6jlpqg_IKY1CSp6zcl6OI6KIJMTWxHWs1zZdOcRrRoFwlmygwkyL62HCWRDivhyFdJENKHn45lUdTAat5CGOtBocmYdkjn6l95BhHUCJvGFemAWD0ZfM7kOfWdeGK77FGjjsS0GIYa3Hd-MhBxE9YqHCmlx82eOGrHnFw%26sei%3DwbzmZ5bwENWJ7NYPh_LgsQ4&ec=GAZAAQ,0
https://www.google.com/search?sca_esv=2e5b74018e0ac27e&q=site:t.me/joinchat&udm=3&fbs=ABzOT_DDfJxgmsKFIwrWKcoyw2RfImUz8jbDqh5hV4EgkUidFfG94FatCeovPEl5EUhpDN9MxQSDxnsEihtD1IeovAhMhfuGpDmwCsPE2g7rm90PJ_q6GZA_NXgIg63yfplDMsDN0Tcosl56jbtFrd8NPsmFENBpf3o-ygj5_kAXEcSxyV9HUpLEll_x8IkvkCh-SIP69Q9peWcbNulk-NAi6zw0hpcozQ&sa=X&ved=2ahUKEwih3v6tiK2MAxWBSfEDHe4GCIcQs6gLegQIFBAB,0
https://www.google.com/search?sca_esv=2e5b74018e0ac27e&q=site:t.me/joinchat&udm=2&fbs=ABzOT_DDfJxgmsKFIwrWKcoyw2RfImUz8jbDqh5hV4EgkUidFfG94FatCeovPEl5EUhpDN9MxQSDxnsEihtD1IeovAhMhfuGpDmwCsPE2g7rm90PJ_q6GZA_NXgIg63yfplDMsDN0Tcosl56jbtFrd8NPsmFENBpf3o-ygj5_kAXEcSxyV9HUpLEll_x8IkvkCh-SIP69Q9peWcbNulk-NAi6zw0hpcozQ&sa=X&ved=2ahUKEwih3v6tiK2MAxWBSfEDHe4GCIcQtKgLegQIEBAB,0
https://www.google.com/search?sca_esv=2e5b74018e0ac27e&q=site:t.me/joinchat&udm=7&fbs=ABzOT_DDfJxgmsKFIwrWKcoyw2RfImUz8jbDqh5hV4EgkUidFfG94FatCeovPEl5EUhpDN9MxQSDxnsEihtD1IeovAhMhfuGpDmwCsPE2g7rm90PJ_q6GZA_NXgIg63yfplDMsDN0Tcosl56jbtFrd8NPsmFENBpf3o-ygj5_kAXEcSxyV9HUpLEll_x8IkvkCh-SIP69Q9peWcbNulk-NAi6zw0hpcozQ&sa=X&ved=2ahUKEwih3v6tiK2MAxWBSfEDHe4GCIcQtKgLegQIEhAB,0
https://www.google.com/search?sca_esv=2e5b74018e0ac27e&q=site:t.me/joinchat&udm=39&fbs=ABzOT_DDfJxgmsKFIwrWKcoyw2RfImUz8jbDqh5hV4EgkUidFfG94FatCeovPEl5EUhpDN9MxQSDxnsEihtD1IeovAhMhfuGpDmwCsPE2g7rm90PJ_q6GZA_NXgIg63yfplDMsDN0Tcosl56jbtFrd8NPsmFENBpf3o-ygj5_kAXEcSxyV9HUpLEll_x8IkvkCh-SIP69Q9peWcbNulk-NAi6zw0hpcozQ&sa=X&ved=2ahUKEwih3v6tiK2MAxWBSfEDHe4GCIcQs6gLegQIDxAB,0
https://www.google.com/search?sca_esv=2e5b74018e0ac27e&tbs=qdr:d&q=site:t.me/joinchat&udm=36&source=lnms&fbs=ABzOT_DDfJxgmsKFIwrWKcoyw2RfImUz8jbDqh5hV4EgkUidFfG94FatCeovPEl5EUhpDN9MxQSDxnsEihtD1IeovAhMhfuGpDmwCsPE2g7rm90PJ_q6GZA_NXgIg63yfplDMsDN0Tcosl56jbtFrd8NPsmFENBpf3o-ygj5_kAXEcSxyV9HUpLEll_x8IkvkCh-SIP69Q9peWcbNulk-NAi6zw0hpcozQ&sa=X&ved=2ahUKEwih3v6tiK2MAxWBSfEDHe4GCIcQ0pQJegQIDRAB,0
https://www.google.com/search?sca_esv=2e5b74018e0ac27e&q=site:t.me/joinchat&udm=14&fbs=ABzOT_DDfJxgmsKFIwrWKcoyw2RfImUz8jbDqh5hV4EgkUidFfG94FatCeovPEl5EUhpDN9MxQSDxnsEihtD1IeovAhMhfuGpDmwCsPE2g7rm90PJ_q6GZA_NXgIg63yfplDMsDN0Tcosl56jbtFrd8NPsmFENBpf3o-ygj5_kAXEcSxyV9HUpLEll_x8IkvkCh-SIP69Q9peWcbNulk-NAi6zw0hpcozQ&sa=X&ved=2ahUKEwih3v6tiK2MAxWBSfEDHe4GCIcQs6gLegQIDhAB,0
https://www.google.com/search?sca_esv=2e5b74018e0ac27e&tbs=qdr:d&q=site:t.me/joinchat&tbm=nws&source=lnms&fbs=ABzOT_DDfJxgmsKFIwrWKcoyw2RfImUz8jbDqh5hV4EgkUidFfG94FatCeovPEl5EUhpDN9MxQSDxnsEihtD1IeovAhMhfuGpDmwCsPE2g7rm90PJ_q6GZA_NXgIg63yfplDMsDN0Tcosl56jbtFrd8NPsmFENBpf3o-ygj5_kAXEcSxyV9HUpLEll_x8IkvkCh-SIP69Q9peWcbNulk-NAi6zw0hpcozQ&sa=X&ved=2ahUKEwih3v6tiK2MAxWBSfEDHe4GCIcQ0pQJegQINBAB,0
https://www.google.com/finance?sca_esv=2e5b74018e0ac27e&output=search&tbs=qdr:d&q=site:t.me/joinchat&source=lnms&fbs=ABzOT_DDfJxgmsKFIwrWKcoyw2RfImUz8jbDqh5hV4EgkUidFfG94FatCeovPEl5EUhpDN9MxQSDxnsEihtD1IeovAhMhfuGpDmwCsPE2g7rm90PJ_q6GZA_NXgIg63yfplDMsDN0Tcosl56jbtFrd8NPsmFENBpf3o-ygj5_kAXEcSxyV9HUpLEll_x8IkvkCh-SIP69Q9peWcbNulk-NAi6zw0hpcozQ&sa=X&ved=2ahUKEwih3v6tiK2MAxWBSfEDHe4GCIcQ0pQJegQIMxAB,0
"https://www.google.com/search?q=site:t.me/joinchat&sca_esv=2e5b74018e0ac27e&tbs=qdr:d,lr:lang_1de&source=lnt&lr=lang_de&sa=X&ved=2ahUKEwih3v6tiK2MAxWBSfEDHe4GCIcQpwV6BAgGEAc",0
https://www.google.com/search?q=site:t.me/joinchat&sca_esv=2e5b74018e0ac27e&tbas=0&source=lnt&sa=X&ved=2ahUKEwih3v6tiK2MAxWBSfEDHe4GCIcQpwV6BAgGEAs,0
https://www.google.com/search?q=site:t.me/joinchat&sca_esv=2e5b74018e0ac27e&source=lnt&tbs=qdr:h&sa=X&ved=2ahUKEwih3v6tiK2MAxWBSfEDHe4GCIcQpwV6BAgGEAw,0
https://www.google.com/search?q=site:t.me/joinchat&sca_esv=2e5b74018e0ac27e&source=lnt&tbs=qdr:w&sa=X&ved=2ahUKEwih3v6tiK2MAxWBSfEDHe4GCIcQpwV6BAgGEA4,0
https://www.google.com/search?q=site:t.me/joinchat&sca_esv=2e5b74018e0ac27e&source=lnt&tbs=qdr:m&sa=X&ved=2ahUKEwih3v6tiK2MAxWBSfEDHe4GCIcQpwV6BAgGEA8,0
https://www.google.com/search?q=site:t.me/joinchat&sca_esv=2e5b74018e0ac27e&source=lnt&tbs=qdr:y&sa=X&ved=2ahUKEwih3v6tiK2MAxWBSfEDHe4GCIcQpwV6BAgGEBA,0
https://www.google.com/search?q=site:t.me/joinchat&sca_esv=2e5b74018e0ac27e&tbs=li:1&source=lnt&sa=X&ved=2ahUKEwih3v6tiK2MAxWBSfEDHe4GCIcQpwV6BAgGEBg,0
https://www.google.com/search?q=site:t.me/joinchat&start=0&sg_ss=*qJSalMzyAAYAdmU0IHZ9B8xPUWSaRcMEADQBEArZ1DV1t6hTEeTwxy2iv_LcV_ta6RML1aoXBmEyayyL9OPipRLQLnblFus-Jz0I6-70PQAAABZtAAAABlcBB0EANZlviWoYsI5a-q42UR_utgxl2-_TSAk4dyzKRF85yI0QqCArSCd1fgkf184YU646h6Rv_nByNQDgpV3K47KkWhxkblUHbKgSZJ5FACxY0o5kdYJeuLQ-9PFHHINZ6ytA3itnzh5MALvpD5dFHXqhFKviBaBvj97Su_PPvoup11EBtB3Y1XuUHWJNh3nAMjnP6ebW8Q6YWSL2k27e8z93zoV2julrpefn1pO25K7BemY8AavoSjWqIgUc7EOMKGJkKXQK6lcmLn0ygyjo8oC2uJ6nqStp5BSbaovER96of-uiqJRyC2At6X3wd7MVYNMSv4xgxVXRmz--GGqRmTe5ksDmZrtrXwAQCM3ZQJP4Xsae-cXYY3YO-7KmAjnEeuoXEZ_cZgFYc86qHw3dH3e9VXqH7dh0s9qGHF13dLy1y8mQRU6Zx0fkgaG_vfoVFezL7HMaYPtIwynxZo_p_QE4LHOHNpf_O77zjHeiVoY4XtTVPB5ys4fHqr1jZwPecErfguYE2pmjO7WOz1nOosv8cU98XNdUyxfFa1HI0HkbobmSMGpsD-l1sWddFQAhXtJpepJogKW3944AUMoQ9jsNjSYDMDo9dPbn22gtjsJq5CqnmRAkndmF9hgcEWjcsVdcsxT1Ic57yiFv0g84d3b1Bc3ny6GQt0OGrrcD5M7FzjEtadC-mAEVaBZONZzWmg_1nktA3sH0iyVACGKDPFg_ndXYU_VGPzEmX13qKt2pn6ViT4400I0pZaJ2E4MCYqUR79YKktOgYeGNBzvILFELF4ENXOcUuZ-54f3Xci7p0xL1ro7gRDZfPhlaeWuAWQPCr7L2kez6yHqYcsjBDF9DaWrP3H3dafirQ73kBGCf2YhpT-PHzmFtWBSwoDpiz0b7yRU3fH5l5UmPhYo59OhXGOM0WMDJFLqBuOcjKbhGnk1jKyg2FE3YAaofqs8CsZNuD7jXwdvTNq7DT6jlpqg_IKY1CSp6zcl6OI6KIJMTWxHWs1zZdOcRrRoFwlmygwkyL62HCWRDivhyFdJENKHn45lUdTAat5CGOtBocmYdkjn6l95BhHUCJvGFemAWD0ZfM7kOfWdeGK77FGjjsS0GIYa3Hd-MhBxE9YqHCmlx82eOGrHnFw&sei=wbzmZ5bwENWJ7NYPh_LgsQ4&tbas=0,0
https://www.google.com/search?q=site:t.me/joinchat&tbs=qdr:d&start=0&sei=wbzmZ5bwENWJ7NYPh_LgsQ4#,0
https://www.google.com/setprefs?sig=0_xL0h79LAGhOH-7vLccg_uI_u-wE%3D&source=en_ignored_notification&prev=https://www.google.com/search?q%3Dsite:t.me/joinchat%26tbs%3Dqdr:d%26start%3D0%26sg_ss%3D*qJSalMzyAAYAdmU0IHZ9B8xPUWSaRcMEADQBEArZ1DV1t6hTEeTwxy2iv_LcV_ta6RML1aoXBmEyayyL9OPipRLQLnblFus-Jz0I6-70PQAAABZtAAAABlcBB0EANZlviWoYsI5a-q42UR_utgxl2-_TSAk4dyzKRF85yI0QqCArSCd1fgkf184YU646h6Rv_nByNQDgpV3K47KkWhxkblUHbKgSZJ5FACxY0o5kdYJeuLQ-9PFHHINZ6ytA3itnzh5MALvpD5dFHXqhFKviBaBvj97Su_PPvoup11EBtB3Y1XuUHWJNh3nAMjnP6ebW8Q6YWSL2k27e8z93zoV2julrpefn1pO25K7BemY8AavoSjWqIgUc7EOMKGJkKXQK6lcmLn0ygyjo8oC2uJ6nqStp5BSbaovER96of-uiqJRyC2At6X3wd7MVYNMSv4xgxVXRmz--GGqRmTe5ksDmZrtrXwAQCM3ZQJP4Xsae-cXYY3YO-7KmAjnEeuoXEZ_cZgFYc86qHw3dH3e9VXqH7dh0s9qGHF13dLy1y8mQRU6Zx0fkgaG_vfoVFezL7HMaYPtIwynxZo_p_QE4LHOHNpf_O77zjHeiVoY4XtTVPB5ys4fHqr1jZwPecErfguYE2pmjO7WOz1nOosv8cU98XNdUyxfFa1HI0HkbobmSMGpsD-l1sWddFQAhXtJpepJogKW3944AUMoQ9jsNjSYDMDo9dPbn22gtjsJq5CqnmRAkndmF9hgcEWjcsVdcsxT1Ic57yiFv0g84d3b1Bc3ny6GQt0OGrrcD5M7FzjEtadC-mAEVaBZONZzWmg_1nktA3sH0iyVACGKDPFg_ndXYU_VGPzEmX13qKt2pn6ViT4400I0pZaJ2E4MCYqUR79YKktOgYeGNBzvILFELF4ENXOcUuZ-54f3Xci7p0xL1ro7gRDZfPhlaeWuAWQPCr7L2kez6yHqYcsjBDF9DaWrP3H3dafirQ73kBGCf2YhpT-PHzmFtWBSwoDpiz0b7yRU3fH5l5UmPhYo59OhXGOM0WMDJFLqBuOcjKbhGnk1jKyg2FE3YAaofqs8CsZNuD7jXwdvTNq7DT6jlpqg_IKY1CSp6zcl6OI6KIJMTWxHWs1zZdOcRrRoFwlmygwkyL62HCWRDivhyFdJENKHn45lUdTAat5CGOtBocmYdkjn6l95BhHUCJvGFemAWD0ZfM7kOfWdeGK77FGjjsS0GIYa3Hd-MhBxE9YqHCmlx82eOGrHnFw%26sei%3DwbzmZ5bwENWJ7NYPh_LgsQ4&hl=en&sa=X&ved=2ahUKEwih3v6tiK2MAxWBSfEDHe4GCIcQhoQCKAF6BAgKEAQ,0
https://www.google.com/preferences?lang=1&hl=de&sa=X&ved=2ahUKEwih3v6tiK2MAxWBSfEDHe4GCIcQiIQCKAN6BAgKEAY#languages,0
https://t.me/joinchat/mBChdIuYF1FiNjA1,1
https://translate.google.com/translate?u=https://t.me/joinchat/mBChdIuYF1FiNjA1&hl=de&sl=zh-CN&tl=de&client=search&prev=search,1
https://t.me/joinchat/8AgCFwz1YUtjZmM8,1
https://translate.google.com/translate?u=https://t.me/joinchat/8AgCFwz1YUtjZmM8&hl=de&sl=am&tl=de&client=search&prev=search,1
https://t.me/joinchat/Jh_sp2qEHz8wZDc1,1
https://translate.google.com/translate?u=https://t.me/joinchat/Jh_sp2qEHz8wZDc1&hl=de&sl=zh-CN&tl=de&client=search&prev=search,1
https://t.me/joinchat/cRr51UFHGgYwYTg5,1
https://translate.google.com/translate?u=https://t.me/joinchat/cRr51UFHGgYwYTg5&hl=de&sl=en&tl=de&client=search&prev=search,1
https://t.me/joinchat/eVm_rvjHhAkxOWZh,1
https://translate.google.com/translate?u=https://t.me/joinchat/eVm_rvjHhAkxOWZh&hl=de&sl=zh-CN&tl=de&client=search&prev=search,1
https://t.me/joinchat/aHFHjZQDzaRhNjk6,1
https://translate.google.com/translate?u=https://t.me/joinchat/aHFHjZQDzaRhNjk6&hl=de&sl=ky&tl=de&client=search&prev=search,1
https://t.me/joinchat/yaB0k0eE5TBlNjc0,1
https://translate.google.com/translate?u=https://t.me/joinchat/yaB0k0eE5TBlNjc0&hl=de&sl=am&tl=de&client=search&prev=search,1
https://t.me/joinchat/pFI0ZpAB6Ig1NTRl,1
https://translate.google.com/translate?u=https://t.me/joinchat/pFI0ZpAB6Ig1NTRl&hl=de&sl=id&tl=de&client=search&prev=search,1
https://t.me/joinchat/8D7Mf3m4nV85YjJl,1
https://translate.google.com/translate?u=https://t.me/joinchat/8D7Mf3m4nV85YjJl&hl=de&sl=zh-CN&tl=de&client=search&prev=search,1
https://t.me/joinchat/oxcabt42WLc1OGY0,1
https://translate.google.com/translate?u=https://t.me/joinchat/oxcabt42WLc1OGY0&hl=de&sl=en&tl=de&client=search&prev=search,1
https://www.google.com/search?q=site:t.me/joinchat&sca_esv=2e5b74018e0ac27e&tbs=qdr:d&ei=wrzmZ6H1IYGTxc8P7o2guAg&start=10&sa=N&sstk=Af40H4XLD8wYgA4GmtAstO1ciZMs6vd4r02PPNw5beeqNmP5GBGY60KWriGi1JpewvnNARwF4YEniVJOR1JPH8W7AWjAPeGhNhvoqw&ved=2ahUKEwih3v6tiK2MAxWBSfEDHe4GCIcQ8tMDegQICBAE,0
https://www.google.com/search?q=site:t.me/joinchat&sca_esv=2e5b74018e0ac27e&tbs=qdr:d&ei=wrzmZ6H1IYGTxc8P7o2guAg&start=20&sa=N&sstk=Af40H4XLD8wYgA4GmtAstO1ciZMs6vd4r02PPNw5beeqNmP5GBGY60KWriGi1JpewvnNARwF4YEniVJOR1JPH8W7AWjAPeGhNhvoqw&ved=2ahUKEwih3v6tiK2MAxWBSfEDHe4GCIcQ8tMDegQICBAG,0
https://www.google.com/search?q=site:t.me/joinchat&sca_esv=2e5b74018e0ac27e&tbs=qdr:d&ei=wrzmZ6H1IYGTxc8P7o2guAg&start=10&sa=N&sstk=Af40H4XLD8wYgA4GmtAstO1ciZMs6vd4r02PPNw5beeqNmP5GBGY60KWriGi1JpewvnNARwF4YEniVJOR1JPH8W7AWjAPeGhNhvoqw&ved=2ahUKEwih3v6tiK2MAxWBSfEDHe4GCIcQ8NMDegQICBAI,0
https://support.google.com/websearch/?p=ws_results_help&hl=de&fg=1,0
https://policies.google.com/privacy?hl=de&fg=1,0
https://policies.google.com/terms?hl=de&fg=1,0
https://www.google.com/webhp?hl=de&sa=X&ved=0ahUKEwjng4OziK2MAxWNRvEDHUVkFrM4ChA8CAg,0
https://www.google.com/webhp?hl=de&ictx=0&sa=X&ved=0ahUKEwjng4OziK2MAxWNRvEDHUVkFrM4ChCliQ0ICg,0
https://accounts.google.com/ServiceLogin?hl=de&passive=true&continue=https://www.google.com/search%3Fq%3Dsite:t.me/joinchat%26tbs%3Dqdr:d%26start%3D10&ec=GAZAAQ,0
https://www.google.com/search?sca_esv=2e5b74018e0ac27e&q=site:t.me/joinchat&udm=2&fbs=ABzOT_DDfJxgmsKFIwrWKcoyw2Rf7ED7CYyDAoRz3agYVnoe8UVw8adpCRzSzq6xx654mB9KfMrpywU8vh7AgAhlYB1Zxzsi8vjW5Ub5WwbIb09VaKzJinKPKwS6oRmpNbb-MEph1tQqTKnVnNC8kPtbgWFYxXianwzO2p8YU600_y2LSflL2znPJHSOT46Ruu7UjBjdSr1K&sa=X&ved=2ahUKEwjng4OziK2MAxWNRvEDHUVkFrM4ChC0qAt6BAgVEAE,0
https://www.google.com/search?sca_esv=2e5b74018e0ac27e&q=site:t.me/joinchat&udm=7&fbs=ABzOT_DDfJxgmsKFIwrWKcoyw2Rf7ED7CYyDAoRz3agYVnoe8UVw8adpCRzSzq6xx654mB9KfMrpywU8vh7AgAhlYB1Zxzsi8vjW5Ub5WwbIb09VaKzJinKPKwS6oRmpNbb-MEph1tQqTKnVnNC8kPtbgWFYxXianwzO2p8YU600_y2LSflL2znPJHSOT46Ruu7UjBjdSr1K&sa=X&ved=2ahUKEwjng4OziK2MAxWNRvEDHUVkFrM4ChC0qAt6BAgUEAE,0
https://www.google.com/search?sca_esv=2e5b74018e0ac27e&q=site:t.me/joinchat&udm=39&fbs=ABzOT_DDfJxgmsKFIwrWKcoyw2Rf7ED7CYyDAoRz3agYVnoe8UVw8adpCRzSzq6xx654mB9KfMrpywU8vh7AgAhlYB1Zxzsi8vjW5Ub5WwbIb09VaKzJinKPKwS6oRmpNbb-MEph1tQqTKnVnNC8kPtbgWFYxXianwzO2p8YU600_y2LSflL2znPJHSOT46Ruu7UjBjdSr1K&sa=X&ved=2ahUKEwjng4OziK2MAxWNRvEDHUVkFrM4ChCzqAt6BAgTEAE,0
https://www.google.com/search?sca_esv=2e5b74018e0ac27e&tbs=qdr:d&q=site:t.me/joinchat&udm=36&source=lnms&fbs=ABzOT_DDfJxgmsKFIwrWKcoyw2Rf7ED7CYyDAoRz3agYVnoe8UVw8adpCRzSzq6xx654mB9KfMrpywU8vh7AgAhlYB1Zxzsi8vjW5Ub5WwbIb09VaKzJinKPKwS6oRmpNbb-MEph1tQqTKnVnNC8kPtbgWFYxXianwzO2p8YU600_y2LSflL2znPJHSOT46Ruu7UjBjdSr1K&sa=X&ved=2ahUKEwjng4OziK2MAxWNRvEDHUVkFrM4ChDSlAl6BAgSEAE,0
https://www.google.com/search?sca_esv=2e5b74018e0ac27e&q=site:t.me/joinchat&udm=14&fbs=ABzOT_DDfJxgmsKFIwrWKcoyw2Rf7ED7CYyDAoRz3agYVnoe8UVw8adpCRzSzq6xx654mB9KfMrpywU8vh7AgAhlYB1Zxzsi8vjW5Ub5WwbIb09VaKzJinKPKwS6oRmpNbb-MEph1tQqTKnVnNC8kPtbgWFYxXianwzO2p8YU600_y2LSflL2znPJHSOT46Ruu7UjBjdSr1K&sa=X&ved=2ahUKEwjng4OziK2MAxWNRvEDHUVkFrM4ChCzqAt6BAgREAE,0
https://www.google.com/search?sca_esv=2e5b74018e0ac27e&tbs=qdr:d&q=site:t.me/joinchat&tbm=nws&source=lnms&fbs=ABzOT_DDfJxgmsKFIwrWKcoyw2Rf7ED7CYyDAoRz3agYVnoe8UVw8adpCRzSzq6xx654mB9KfMrpywU8vh7AgAhlYB1Zxzsi8vjW5Ub5WwbIb09VaKzJinKPKwS6oRmpNbb-MEph1tQqTKnVnNC8kPtbgWFYxXianwzO2p8YU600_y2LSflL2znPJHSOT46Ruu7UjBjdSr1K&sa=X&ved=2ahUKEwjng4OziK2MAxWNRvEDHUVkFrM4ChDSlAl6BAgQEAE,0
https://www.google.com/finance?sca_esv=2e5b74018e0ac27e&output=search&tbs=qdr:d&q=site:t.me/joinchat&source=lnms&fbs=ABzOT_DDfJxgmsKFIwrWKcoyw2Rf7ED7CYyDAoRz3agYVnoe8UVw8adpCRzSzq6xx654mB9KfMrpywU8vh7AgAhlYB1Zxzsi8vjW5Ub5WwbIb09VaKzJinKPKwS6oRmpNbb-MEph1tQqTKnVnNC8kPtbgWFYxXianwzO2p8YU600_y2LSflL2znPJHSOT46Ruu7UjBjdSr1K&sa=X&ved=2ahUKEwjng4OziK2MAxWNRvEDHUVkFrM4ChDSlAl6BAgwEAE,0
"https://www.google.com/search?q=site:t.me/joinchat&sca_esv=2e5b74018e0ac27e&tbs=qdr:d,lr:lang_1de&source=lnt&lr=lang_de&sa=X&ved=2ahUKEwjng4OziK2MAxWNRvEDHUVkFrM4ChCnBXoECAYQBw",0
https://www.google.com/search?q=site:t.me/joinchat&sca_esv=2e5b74018e0ac27e&tbas=0&source=lnt&sa=X&ved=2ahUKEwjng4OziK2MAxWNRvEDHUVkFrM4ChCnBXoECAYQCw,0
https://www.google.com/search?q=site:t.me/joinchat&sca_esv=2e5b74018e0ac27e&source=lnt&tbs=qdr:h&sa=X&ved=2ahUKEwjng4OziK2MAxWNRvEDHUVkFrM4ChCnBXoECAYQDA,0
https://www.google.com/search?q=site:t.me/joinchat&sca_esv=2e5b74018e0ac27e&source=lnt&tbs=qdr:w&sa=X&ved=2ahUKEwjng4OziK2MAxWNRvEDHUVkFrM4ChCnBXoECAYQDg,0
https://www.google.com/search?q=site:t.me/joinchat&sca_esv=2e5b74018e0ac27e&source=lnt&tbs=qdr:m&sa=X&ved=2ahUKEwjng4OziK2MAxWNRvEDHUVkFrM4ChCnBXoECAYQDw,0
https://www.google.com/search?q=site:t.me/joinchat&sca_esv=2e5b74018e0ac27e&source=lnt&tbs=qdr:y&sa=X&ved=2ahUKEwjng4OziK2MAxWNRvEDHUVkFrM4ChCnBXoECAYQEA,0
https://www.google.com/search?q=site:t.me/joinchat&sca_esv=2e5b74018e0ac27e&tbs=li:1&source=lnt&sa=X&ved=2ahUKEwjng4OziK2MAxWNRvEDHUVkFrM4ChCnBXoECAYQGA,0
https://www.google.com/search?q=site:t.me/joinchat&start=10&tbas=0,0
https://www.google.com/search?q=site:t.me/joinchat&tbs=qdr:d&start=10#,0
https://www.google.com/setprefs?sig=0_xL0h79LAGhOH-7vLccg_uI_u-wE%3D&source=en_ignored_notification&prev=https://www.google.com/search?q%3Dsite:t.me/joinchat%26tbs%3Dqdr:d%26start%3D10&hl=en&sa=X&ved=2ahUKEwjng4OziK2MAxWNRvEDHUVkFrM4ChCGhAIoAXoECAgQBA,0
https://www.google.com/preferences?lang=1&hl=de&sa=X&ved=2ahUKEwjng4OziK2MAxWNRvEDHUVkFrM4ChCIhAIoA3oECAgQBg#languages,0
https://t.me/joinchat/DNFMDMjNTwU3ZGU0,1
https://translate.google.com/translate?u=https://t.me/joinchat/DNFMDMjNTwU3ZGU0&hl=de&sl=am&tl=de&client=search&prev=search,1
https://t.me/joinchat/lUGmOznY3G4wOTZk,1
https://translate.google.com/translate?u=https://t.me/joinchat/lUGmOznY3G4wOTZk&hl=de&sl=am&tl=de&client=search&prev=search,1
https://t.me/joinchat/ATQrkpR1UzFmMzQ1,1
https://translate.google.com/translate?u=https://t.me/joinchat/ATQrkpR1UzFmMzQ1&hl=de&sl=id&tl=de&client=search&prev=search,1
https://t.me/joinchat/PCFnzVtke943YjBl,1
https://translate.google.com/translate?u=https://t.me/joinchat/PCFnzVtke943YjBl&hl=de&sl=en&tl=de&client=search&prev=search,1
https://t.me/joinchat/VFDsZFZ88yIyMzZk,1
https://translate.google.com/translate?u=https://t.me/joinchat/VFDsZFZ88yIyMzZk&hl=de&sl=am&tl=de&client=search&prev=search,1
https://t.me/joinchat/rYrQcBvJFe5jZWY8,1
https://translate.google.com/translate?u=https://t.me/joinchat/rYrQcBvJFe5jZWY8&hl=de&sl=am&tl=de&client=search&prev=search,1
https://t.me/joinchat/FUYp8RLPzJI3MDA0,1
https://translate.google.com/translate?u=https://t.me/joinchat/FUYp8RLPzJI3MDA0&hl=de&sl=am&tl=de&client=search&prev=search,1
https://t.me/joinchat/TBhESz83LKo2OTA1,1
https://translate.google.com/translate?u=https://t.me/joinchat/TBhESz83LKo2OTA1&hl=de&sl=zh-CN&tl=de&client=search&prev=search,1
https://t.me/joinchat/LCqKdJG9n6Q3ZjQ0,1
https://translate.google.com/translate?u=https://t.me/joinchat/LCqKdJG9n6Q3ZjQ0&hl=de&sl=am&tl=de&client=search&prev=search,1
https://t.me/joinchat/MjUA51a1SIY0NTlk,1
https://translate.google.com/translate?u=https://t.me/joinchat/MjUA51a1SIY0NTlk&hl=de&sl=en&tl=de&client=search&prev=search,1
https://www.google.com/search?q=site:t.me/joinchat&sca_esv=2e5b74018e0ac27e&tbs=qdr:d&ei=zbzmZ6fpBo2Nxc8PxcjZmAs&start=0&sa=N&ved=2ahUKEwjng4OziK2MAxWNRvEDHUVkFrM4ChDx0wN6BAgHEAI,0
https://www.google.com/search?q=site:t.me/joinchat&sca_esv=2e5b74018e0ac27e&tbs=qdr:d&ei=zbzmZ6fpBo2Nxc8PxcjZmAs&start=0&sa=N&ved=2ahUKEwjng4OziK2MAxWNRvEDHUVkFrM4ChDy0wN6BAgHEAQ,0
https://www.google.com/search?q=site:t.me/joinchat&sca_esv=2e5b74018e0ac27e&tbs=qdr:d&ei=zbzmZ6fpBo2Nxc8PxcjZmAs&start=20&sa=N&ved=2ahUKEwjng4OziK2MAxWNRvEDHUVkFrM4ChDy0wN6BAgHEAc,0
https://www.google.com/search?q=site:t.me/joinchat&sca_esv=2e5b74018e0ac27e&tbs=qdr:d&ei=zbzmZ6fpBo2Nxc8PxcjZmAs&start=20&sa=N&ved=2ahUKEwjng4OziK2MAxWNRvEDHUVkFrM4ChDw0wN6BAgHEAk,0
https://www.google.com/webhp?hl=de&sa=X&ved=0ahUKEwjFh4O6iK2MAxWLRfEDHal-OjQ4FBA8CAg,0
https://www.google.com/webhp?hl=de&ictx=0&sa=X&ved=0ahUKEwjFh4O6iK2MAxWLRfEDHal-OjQ4FBCliQ0ICg,0
https://accounts.google.com/ServiceLogin?hl=de&passive=true&continue=https://www.google.com/search%3Fq%3Dsite:t.me/joinchat%26tbs%3Dqdr:d%26start%3D20&ec=GAZAAQ,0
https://www.google.com/search?sca_esv=2e5b74018e0ac27e&q=site:t.me/joinchat&udm=2&fbs=ABzOT_DDfJxgmsKFIwrWKcoyw2Rf7ED7CYyDAoRz3agYVnoe8UVw8adpCRzSzq6xx654mB9KfMrpywU8vh7AgAhlYB1Zxzsi8vjW5Ub5WwbIb09VaKzJinKPKwS6oRmpNbb-MEph1tQqTKnVnNC8kPtbgWFYxXianwzO2p8YU600_y2LSflL2znPJHSOT46Ruu7UjBjdSr1K&sa=X&ved=2ahUKEwjFh4O6iK2MAxWLRfEDHal-OjQ4FBC0qAt6BAgQEAE,0
https://www.google.com/search?sca_esv=2e5b74018e0ac27e&q=site:t.me/joinchat&udm=7&fbs=ABzOT_DDfJxgmsKFIwrWKcoyw2Rf7ED7CYyDAoRz3agYVnoe8UVw8adpCRzSzq6xx654mB9KfMrpywU8vh7AgAhlYB1Zxzsi8vjW5Ub5WwbIb09VaKzJinKPKwS6oRmpNbb-MEph1tQqTKnVnNC8kPtbgWFYxXianwzO2p8YU600_y2LSflL2znPJHSOT46Ruu7UjBjdSr1K&sa=X&ved=2ahUKEwjFh4O6iK2MAxWLRfEDHal-OjQ4FBC0qAt6BAgPEAE,0
https://www.google.com/search?sca_esv=2e5b74018e0ac27e&q=site:t.me/joinchat&udm=39&fbs=ABzOT_DDfJxgmsKFIwrWKcoyw2Rf7ED7CYyDAoRz3agYVnoe8UVw8adpCRzSzq6xx654mB9KfMrpywU8vh7AgAhlYB1Zxzsi8vjW5Ub5WwbIb09VaKzJinKPKwS6oRmpNbb-MEph1tQqTKnVnNC8kPtbgWFYxXianwzO2p8YU600_y2LSflL2znPJHSOT46Ruu7UjBjdSr1K&sa=X&ved=2ahUKEwjFh4O6iK2MAxWLRfEDHal-OjQ4FBCzqAt6BAgNEAE,0
https://www.google.com/search?sca_esv=2e5b74018e0ac27e&tbs=qdr:d&q=site:t.me/joinchat&udm=36&source=lnms&fbs=ABzOT_DDfJxgmsKFIwrWKcoyw2Rf7ED7CYyDAoRz3agYVnoe8UVw8adpCRzSzq6xx654mB9KfMrpywU8vh7AgAhlYB1Zxzsi8vjW5Ub5WwbIb09VaKzJinKPKwS6oRmpNbb-MEph1tQqTKnVnNC8kPtbgWFYxXianwzO2p8YU600_y2LSflL2znPJHSOT46Ruu7UjBjdSr1K&sa=X&ved=2ahUKEwjFh4O6iK2MAxWLRfEDHal-OjQ4FBDSlAl6BAgMEAE,0
https://www.google.com/search?sca_esv=2e5b74018e0ac27e&q=site:t.me/joinchat&udm=14&fbs=ABzOT_DDfJxgmsKFIwrWKcoyw2Rf7ED7CYyDAoRz3agYVnoe8UVw8adpCRzSzq6xx654mB9KfMrpywU8vh7AgAhlYB1Zxzsi8vjW5Ub5WwbIb09VaKzJinKPKwS6oRmpNbb-MEph1tQqTKnVnNC8kPtbgWFYxXianwzO2p8YU600_y2LSflL2znPJHSOT46Ruu7UjBjdSr1K&sa=X&ved=2ahUKEwjFh4O6iK2MAxWLRfEDHal-OjQ4FBCzqAt6BAgLEAE,0
https://www.google.com/search?sca_esv=2e5b74018e0ac27e&tbs=qdr:d&q=site:t.me/joinchat&tbm=nws&source=lnms&fbs=ABzOT_DDfJxgmsKFIwrWKcoyw2Rf7ED7CYyDAoRz3agYVnoe8UVw8adpCRzSzq6xx654mB9KfMrpywU8vh7AgAhlYB1Zxzsi8vjW5Ub5WwbIb09VaKzJinKPKwS6oRmpNbb-MEph1tQqTKnVnNC8kPtbgWFYxXianwzO2p8YU600_y2LSflL2znPJHSOT46Ruu7UjBjdSr1K&sa=X&ved=2ahUKEwjFh4O6iK2MAxWLRfEDHal-OjQ4FBDSlAl6BAgKEAE,0
https://www.google.com/finance?sca_esv=2e5b74018e0ac27e&output=search&tbs=qdr:d&q=site:t.me/joinchat&source=lnms&fbs=ABzOT_DDfJxgmsKFIwrWKcoyw2Rf7ED7CYyDAoRz3agYVnoe8UVw8adpCRzSzq6xx654mB9KfMrpywU8vh7AgAhlYB1Zxzsi8vjW5Ub5WwbIb09VaKzJinKPKwS6oRmpNbb-MEph1tQqTKnVnNC8kPtbgWFYxXianwzO2p8YU600_y2LSflL2znPJHSOT46Ruu7UjBjdSr1K&sa=X&ved=2ahUKEwjFh4O6iK2MAxWLRfEDHal-OjQ4FBDSlAl6BAgwEAE,0
"https://www.google.com/search?q=site:t.me/joinchat&sca_esv=2e5b74018e0ac27e&tbs=qdr:d,lr:lang_1de&source=lnt&lr=lang_de&sa=X&ved=2ahUKEwjFh4O6iK2MAxWLRfEDHal-OjQ4FBCnBXoECAUQBw",0
https://www.google.com/search?q=site:t.me/joinchat&sca_esv=2e5b74018e0ac27e&tbas=0&source=lnt&sa=X&ved=2ahUKEwjFh4O6iK2MAxWLRfEDHal-OjQ4FBCnBXoECAUQCw,0
https://www.google.com/search?q=site:t.me/joinchat&sca_esv=2e5b74018e0ac27e&source=lnt&tbs=qdr:h&sa=X&ved=2ahUKEwjFh4O6iK2MAxWLRfEDHal-OjQ4FBCnBXoECAUQDA,0
https://www.google.com/search?q=site:t.me/joinchat&sca_esv=2e5b74018e0ac27e&source=lnt&tbs=qdr:w&sa=X&ved=2ahUKEwjFh4O6iK2MAxWLRfEDHal-OjQ4FBCnBXoECAUQDg,0
https://www.google.com/search?q=site:t.me/joinchat&sca_esv=2e5b74018e0ac27e&source=lnt&tbs=qdr:m&sa=X&ved=2ahUKEwjFh4O6iK2MAxWLRfEDHal-OjQ4FBCnBXoECAUQDw,0
https://www.google.com/search?q=site:t.me/joinchat&sca_esv=2e5b74018e0ac27e&source=lnt&tbs=qdr:y&sa=X&ved=2ahUKEwjFh4O6iK2MAxWLRfEDHal-OjQ4FBCnBXoECAUQEA,0
https://www.google.com/search?q=site:t.me/joinchat&sca_esv=2e5b74018e0ac27e&tbs=li:1&source=lnt&sa=X&ved=2ahUKEwjFh4O6iK2MAxWLRfEDHal-OjQ4FBCnBXoECAUQGA,0
https://www.google.com/search?q=site:t.me/joinchat&start=20&tbas=0,0
https://www.google.com/search?q=site:t.me/joinchat&tbs=qdr:d&start=20#,0
https://www.google.com/setprefs?sig=0_xL0h79LAGhOH-7vLccg_uI_u-wE%3D&source=en_ignored_notification&prev=https://www.google.com/search?q%3Dsite:t.me/joinchat%26tbs%3Dqdr:d%26start%3D20&hl=en&sa=X&ved=2ahUKEwjFh4O6iK2MAxWLRfEDHal-OjQ4FBCGhAIoAXoECAkQBA,0
https://www.google.com/preferences?lang=1&hl=de&sa=X&ved=2ahUKEwjFh4O6iK2MAxWLRfEDHal-OjQ4FBCIhAIoA3oECAkQBg#languages,0
https://t.me/joinchat/6XxAcA82sUZmOTc1,1
https://translate.google.com/translate?u=https://t.me/joinchat/6XxAcA82sUZmOTc1&hl=de&sl=ko&tl=de&client=search&prev=search,1
https://t.me/joinchat/ipStKGTVFmc3MGU1,1
https://translate.google.com/translate?u=https://t.me/joinchat/ipStKGTVFmc3MGU1&hl=de&sl=zh-CN&tl=de&client=search&prev=search,1
https://t.me/joinchat/MbRaLfr6APtiNGJl,1
https://translate.google.com/translate?u=https://t.me/joinchat/MbRaLfr6APtiNGJl&hl=de&sl=zh-CN&tl=de&client=search&prev=search,1
https://t.me/joinchat/Sji5hUO0YCh2FPBB,1
https://translate.google.com/translate?u=https://t.me/joinchat/Sji5hUO0YCh2FPBB&hl=de&sl=en&tl=de&client=search&prev=search,1
https://t.me/joinchat/E-EcAmbDwhQ5YmVk,1
https://translate.google.com/translate?u=https://t.me/joinchat/E-EcAmbDwhQ5YmVk&hl=de&sl=am&tl=de&client=search&prev=search,1
https://t.me/joinchat/I5xcee-WeBU0YjI9,1
https://translate.google.com/translate?u=https://t.me/joinchat/I5xcee-WeBU0YjI9&hl=de&sl=zh-CN&tl=de&client=search&prev=search,1
https://t.me/joinchat/-84T4wZIefc1N2Y1,1
https://translate.google.com/translate?u=https://t.me/joinchat/-84T4wZIefc1N2Y1&hl=de&sl=zh-CN&tl=de&client=search&prev=search,1
https://t.me/joinchat/UU6mGoAm2dV-eBcs,1
https://translate.google.com/translate?u=https://t.me/joinchat/UU6mGoAm2dV-eBcs&hl=de&sl=en&tl=de&client=search&prev=search,1
https://t.me/joinchat/grq-rqkhnWMxNDc9,1
https://translate.google.com/translate?u=https://t.me/joinchat/grq-rqkhnWMxNDc9&hl=de&sl=zh-CN&tl=de&client=search&prev=search,1
https://t.me/joinchat/RiMGHsOks-qeU-Mz,1
https://translate.google.com/translate?u=https://t.me/joinchat/RiMGHsOks-qeU-Mz&hl=de&sl=en&tl=de&client=search&prev=search,1
https://www.google.com/search?q=site:t.me/joinchat&sca_esv=2e5b74018e0ac27e&tbs=qdr:d&ei=27zmZ4WuMIuLxc8Pqf3poQM&start=10&sa=N&ved=2ahUKEwjFh4O6iK2MAxWLRfEDHal-OjQ4FBDx0wN6BAgHEAI,0
https://www.google.com/search?q=site:t.me/joinchat&sca_esv=2e5b74018e0ac27e&tbs=qdr:d&ei=27zmZ4WuMIuLxc8Pqf3poQM&start=0&sa=N&ved=2ahUKEwjFh4O6iK2MAxWLRfEDHal-OjQ4FBDy0wN6BAgHEAQ,0
https://www.google.com/search?q=site:t.me/joinchat&sca_esv=2e5b74018e0ac27e&tbs=qdr:d&ei=27zmZ4WuMIuLxc8Pqf3poQM&start=10&sa=N&ved=2ahUKEwjFh4O6iK2MAxWLRfEDHal-OjQ4FBDy0wN6BAgHEAY,0
https://support.google.com/websearch/answer/181196?hl=en-IR,0
https://www.google.com/webhp?hl=en&sa=X&ved=0ahUKEwjzzoSjjK2MAxUmFBAIHfY4IusQPAgI,0
https://www.google.com/webhp?hl=en&ictx=0&sa=X&ved=0ahUKEwjzzoSjjK2MAxUmFBAIHfY4IusQpYkNCAo,0
https://www.google.com/intl/en/about/products?tab=wh,0
https://support.google.com/websearch/answer/181196?hl=nl,0
https://policies.google.com/technologies/cookies?utm_source=ucbs&hl=nl,0
https://policies.google.com/privacy?hl=nl&fg=1&utm_source=ucbs,0
https://policies.google.com/terms?hl=nl&fg=1&utm_source=ucbs,0
https://www.google.com/webhp?hl=nl&sa=X&ved=0ahUKEwjatqaVj62MAxUfhv0HHYsNOcIQPAhp,0
https://www.google.com/webhp?hl=nl&ictx=0&sa=X&ved=0ahUKEwjatqaVj62MAxUfhv0HHYsNOcIQpYkNCGs,0
https://translate.google.com/translate?u=https://t.me/joinchat/UYF2Hm8uK6Aj8chq&hl=ru&sl=zh-CN&tl=ru&client=search&prev=search,1
https://translate.google.com/translate?u=https://t.me/joinchat/SN5o11cK3g00ZjZl&hl=ru&sl=zh-CN&tl=ru&client=search&prev=search,1
https://translate.google.com/translate?u=https://t.me/joinchat/V60UKWUKoAGj7q01&hl=ru&sl=zh-CN&tl=ru&client=search&prev=search,1
https://translate.google.com/translate?u=https://t.me/joinchat/3pJ_KGCTNO01YWY5&hl=ru&sl=zh-CN&tl=ru&client=search&prev=search,1
https://translate.google.com/translate?u=https://t.me/joinchat/UufmsNCqEX1YcUhM&hl=ru&sl=en&tl=ru&client=search&prev=search,1
https://translate.google.com/translate?u=https://t.me/joinchat/AAAAAESehV40C7ZdZt0xHA&hl=ru&sl=am&tl=ru&client=search&prev=search,1
https://translate.google.com/translate?u=https://t.me/joinchat/SwaMwBni0_B5D9eQ&hl=ru&sl=en&tl=ru&client=search&prev=search,1
https://www.google.com/search?sca_esv=326bfc1759a095a4&q=site:t.me/&udm=3&fbs=ABzOT_DDfJxgmsKFIwrWKcoyw2RfImUz8jbDqh5hV4EgkUidFfG94FatCeovPEl5EUhpDN9MxQSDxnsEihtD1IeovAhMhfuGpDmwCsPE2g7rm90PJ_q6GZA_NXgIg63yfplDMsDN0Tcosl56jbtFrd8NPsmFENBpf3o-ygj5_kAXEcSxyV9HUpLEll_x8IkvkCh-SIP69Q9peWcbNulk-NAi6zw0hpcozQ&sa=X&ved=2ahUKEwj_zPqcq62MAxWOgf0HHfsxBtQQs6gLegQIJRAB,0
https://www.google.com/search?sca_esv=326bfc1759a095a4&q=site:t.me/&udm=3&fbs=ABzOT_DDfJxgmsKFIwrWKcoyw2RfImUz8jbDqh5hV4EgkUidFfG94FatCeovPEl5EUhpDN9MxQSDxnsEihtD1IeovAhMhfuGpDmwCsPE2g7rm90PJ_q6GZA_NXgIg63yfplDMsDN0Tcosl56jbtFrd8NPsmFENBpf3o-ygj5_kAXEcSxyV9HUpLEll_x8IkvkCh-SIP69Q9peWcbNulk-NAi6zw0hpcozQ&sa=X&ved=2ahUKEwj_zPqcq62MAxWOgf0HHfsxBtQQs6gLegQIJRAB,0
https://www.google.com/search?sca_esv=326bfc1759a095a4&q=site:t.me/&udm=39&fbs=ABzOT_DDfJxgmsKFIwrWKcoyw2RfImUz8jbDqh5hV4EgkUidFfG94FatCeovPEl5EUhpDN9MxQSDxnsEihtD1IeovAhMhfuGpDmwCsPE2g7rm90PJ_q6GZA_NXgIg63yfplDMsDN0Tcosl56jbtFrd8NPsmFENBpf3o-ygj5_kAXEcSxyV9HUpLEll_x8IkvkCh-SIP69Q9peWcbNulk-NAi6zw0hpcozQ&sa=X&ved=2ahUKEwj_zPqcq62MAxWOgf0HHfsxBtQQs6gLegQIIRAB,0
https://www.google.com/finance?sca_esv=326bfc1759a095a4&output=search&q=site:t.me/&source=lnms&fbs=ABzOT_DDfJxgmsKFIwrWKcoyw2RfImUz8jbDqh5hV4EgkUidFfG94FatCeovPEl5EUhpDN9MxQSDxnsEihtD1IeovAhMhfuGpDmwCsPE2g7rm90PJ_q6GZA_NXgIg63yfplDMsDN0Tcosl56jbtFrd8NPsmFENBpf3o-ygj5_kAXEcSxyV9HUpLEll_x8IkvkCh-SIP69Q9peWcbNulk-NAi6zw0hpcozQ&sa=X&ved=2ahUKEwj_zPqcq62MAxWOgf0HHfsxBtQQ0pQJegQINBAB,0
https://www.google.com/search?q=site:t.me/&sca_esv=326bfc1759a095a4&source=lnt&tbs=lr:lang_1de&lr=lang_de&sa=X&ved=2ahUKEwj_zPqcq62MAxWOgf0HHfsxBtQQpwV6BAgEEAc,0
https://www.google.com/search?q=site:t.me/&sca_esv=326bfc1759a095a4&source=lnt&tbs=qdr:h&sa=X&ved=2ahUKEwj_zPqcq62MAxWOgf0HHfsxBtQQpwV6BAgEEAw,0
https://www.google.com/search?q=site:t.me/&sca_esv=326bfc1759a095a4&source=lnt&tbs=qdr:m&sa=X&ved=2ahUKEwj_zPqcq62MAxWOgf0HHfsxBtQQpwV6BAgEEA8,0
https://www.google.com/search?q=site:t.me/&sca_esv=326bfc1759a095a4&source=lnt&tbs=qdr:w&sa=X&ved=2ahUKEwj_zPqcq62MAxWOgf0HHfsxBtQQpwV6BAgEEA4,0
https://www.google.com/search?q=site:t.me/&sca_esv=326bfc1759a095a4&source=lnt&tbs=li:1&sa=X&ved=2ahUKEwj_zPqcq62MAxWOgf0HHfsxBtQQpwV6BAgEEBg,0
https://www.google.com/advanced_search?q=site:t.me/&sca_esv=326bfc1759a095a4&uact=5&gs_lp=Egxnd3Mtd2l6LXNlcnAiCnNpdGU6dC5tZS9ImCNQ-glYgBdwAXgAkAEAmAGlBKABkRqqAQkyLTEuMi4zLjK4AQPIAQD4AQGYAgCgAgCYAwCIBgGSBwCgB-gCsgcAuAcA,0
https://www.google.com/search?q=site%3At.me%2F&sca_esv=326bfc1759a095a4&ei=PuHmZ8H5BOmK9u8P5ebZ4Qc&ved=0ahUKEwjBkLaTq62MAxVphf0HHWVzNnwQ4dUDCHA&uact=5&oq=site%3At.me%2F&gs_lp=Egxnd3Mtd2l6LXNlcnAiCnNpdGU6dC5tZS9ImCNQ-glYgBdwAXgAkAEAmAGlBKABkRqqAQkyLTEuMi4zLjK4AQPIAQD4AQGYAgCgAgCYAwCIBgGSBwCgB-gCsgcAuAcA&sclient=gws-wiz-serp#,0
https://t.me/sokneoi3,1
https://translate.google.com/translate?u=https://t.me/sokneoi3&hl=de&sl=zh-TW&tl=de&client=search&prev=search,1
https://t.me/the_20anime,1
https://translate.google.com/translate?u=https://t.me/the_20anime&hl=de&sl=fa&tl=de&client=search&prev=search,1
https://t.me/ThemesBest,1
https://translate.google.com/translate?u=https://t.me/ThemesBest&hl=de&sl=ru&tl=de&client=search&prev=search,1
https://t.me/garantnews,1
https://translate.google.com/translate?u=https://t.me/sfr_gov&hl=de&sl=ru&tl=de&client=search&prev=search,1
https://translate.google.com/translate?u=https://t.me/CastboxUser&hl=de&sl=en&tl=de&client=search&prev=search,1
https://www.google.com/search?q=site:t.me/&sca_esv=326bfc1759a095a4&ei=UuHmZ__bBI6D9u8P--OYoA0&start=40&sa=N&sstk=Af40H4U86-x4cxjTJRDmagH12TQO8sB87i6ONMi0Q9wJGN4-c1FL83H9rMXbSdfQC1GgVq7u4nsH2zQsdtsZg_wa5nWivCZYMiqeKA&ved=2ahUKEwj_zPqcq62MAxWOgf0HHfsxBtQQ8tMDegQIBxAM,0
